[{"model": "admin.logentry", "pk": 1, "fields": {"action_time": "2024-12-26T10:23:37.791Z", "user": 1, "content_type": 9, "object_id": "1", "object_repr": "Pizza de champiñones (4 porciones)", "action_flag": 1, "change_message": "[{\"added\": {}}]"}}, {"model": "admin.logentry", "pk": 2, "fields": {"action_time": "2024-12-26T10:24:02.825Z", "user": 1, "content_type": 9, "object_id": "2", "object_repr": "Pizza de champiñones (8 porciones)", "action_flag": 1, "change_message": "[{\"added\": {}}]"}}, {"model": "admin.logentry", "pk": 3, "fields": {"action_time": "2024-12-26T10:24:20.274Z", "user": 1, "content_type": 9, "object_id": "3", "object_repr": "Pizza de champiñones (12 porciones)", "action_flag": 1, "change_message": "[{\"added\": {}}]"}}, {"model": "admin.logentry", "pk": 4, "fields": {"action_time": "2024-12-26T10:24:34.627Z", "user": 1, "content_type": 9, "object_id": "4", "object_repr": "Pizza de champiñones (16 porciones)", "action_flag": 1, "change_message": "[{\"added\": {}}]"}}, {"model": "admin.logentry", "pk": 5, "fields": {"action_time": "2024-12-26T10:26:23.320Z", "user": 1, "content_type": 9, "object_id": "5", "object_repr": "Pizza de peperoni (4 porciones)", "action_flag": 1, "change_message": "[{\"added\": {}}]"}}, {"model": "admin.logentry", "pk": 6, "fields": {"action_time": "2024-12-26T10:26:41.071Z", "user": 1, "content_type": 9, "object_id": "6", "object_repr": "Pizza de peperoni (8 porciones)", "action_flag": 1, "change_message": "[{\"added\": {}}]"}}, {"model": "admin.logentry", "pk": 7, "fields": {"action_time": "2024-12-26T10:26:54.462Z", "user": 1, "content_type": 9, "object_id": "7", "object_repr": "Pizza de peperoni (12 porciones)", "action_flag": 1, "change_message": "[{\"added\": {}}]"}}, {"model": "admin.logentry", "pk": 8, "fields": {"action_time": "2024-12-26T10:27:12.332Z", "user": 1, "content_type": 9, "object_id": "8", "object_repr": "Pizza de peperoni (16 porciones)", "action_flag": 1, "change_message": "[{\"added\": {}}]"}}, {"model": "admin.logentry", "pk": 9, "fields": {"action_time": "2024-12-26T10:28:06.144Z", "user": 1, "content_type": 9, "object_id": "9", "object_repr": "Pizza de jamón (4 porciones)", "action_flag": 1, "change_message": "[{\"added\": {}}]"}}, {"model": "admin.logentry", "pk": 10, "fields": {"action_time": "2024-12-26T10:28:57.825Z", "user": 1, "content_type": 9, "object_id": "10", "object_repr": "Pizza de jamón (8 porciones)", "action_flag": 1, "change_message": "[{\"added\": {}}]"}}, {"model": "admin.logentry", "pk": 11, "fields": {"action_time": "2024-12-26T10:29:06.642Z", "user": 1, "content_type": 9, "object_id": "11", "object_repr": "Pizza de jamón (12 porciones)", "action_flag": 1, "change_message": "[{\"added\": {}}]"}}, {"model": "admin.logentry", "pk": 12, "fields": {"action_time": "2024-12-26T10:29:14.696Z", "user": 1, "content_type": 9, "object_id": "12", "object_repr": "Pizza de jamón (16 porciones)", "action_flag": 1, "change_message": "[{\"added\": {}}]"}}, {"model": "admin.logentry", "pk": 13, "fields": {"action_time": "2024-12-26T10:29:35.760Z", "user": 1, "content_type": 9, "object_id": "13", "object_repr": "Pizza de carne (4 porciones)", "action_flag": 1, "change_message": "[{\"added\": {}}]"}}, {"model": "admin.logentry", "pk": 14, "fields": {"action_time": "2024-12-26T10:29:44.431Z", "user": 1, "content_type": 9, "object_id": "14", "object_repr": "Pizza de carne (8 porciones)", "action_flag": 1, "change_message": "[{\"added\": {}}]"}}, {"model": "admin.logentry", "pk": 15, "fields": {"action_time": "2024-12-26T10:29:53.830Z", "user": 1, "content_type": 9, "object_id": "15", "object_repr": "Pizza de carne (12 porciones)", "action_flag": 1, "change_message": "[{\"added\": {}}]"}}, {"model": "admin.logentry", "pk": 16, "fields": {"action_time": "2024-12-26T10:30:01.143Z", "user": 1, "content_type": 9, "object_id": "16", "object_repr": "Pizza de carne (16 porciones)", "action_flag": 1, "change_message": "[{\"added\": {}}]"}}, {"model": "admin.logentry", "pk": 17, "fields": {"action_time": "2024-12-26T10:30:20.576Z", "user": 1, "content_type": 9, "object_id": "17", "object_repr": "Pizza de tocino (4 porciones)", "action_flag": 1, "change_message": "[{\"added\": {}}]"}}, {"model": "admin.logentry", "pk": 18, "fields": {"action_time": "2024-12-26T10:30:30.177Z", "user": 1, "content_type": 9, "object_id": "18", "object_repr": "Pizza de tocino (8 porciones)", "action_flag": 1, "change_message": "[{\"added\": {}}]"}}, {"model": "admin.logentry", "pk": 19, "fields": {"action_time": "2024-12-26T10:30:38.738Z", "user": 1, "content_type": 9, "object_id": "19", "object_repr": "Pizza de tocino (12 porciones)", "action_flag": 1, "change_message": "[{\"added\": {}}]"}}, {"model": "admin.logentry", "pk": 20, "fields": {"action_time": "2024-12-26T10:30:50.634Z", "user": 1, "content_type": 9, "object_id": "20", "object_repr": "Pizza de tocino (16 porciones)", "action_flag": 1, "change_message": "[{\"added\": {}}]"}}, {"model": "admin.logentry", "pk": 21, "fields": {"action_time": "2024-12-26T10:31:40.393Z", "user": 1, "content_type": 9, "object_id": "21", "object_repr": "Pizza de salami (4 porciones)", "action_flag": 1, "change_message": "[{\"added\": {}}]"}}, {"model": "admin.logentry", "pk": 22, "fields": {"action_time": "2024-12-26T10:31:49.252Z", "user": 1, "content_type": 9, "object_id": "22", "object_repr": "Pizza de salami (8 porciones)", "action_flag": 1, "change_message": "[{\"added\": {}}]"}}, {"model": "admin.logentry", "pk": 23, "fields": {"action_time": "2024-12-26T10:32:00.741Z", "user": 1, "content_type": 9, "object_id": "23", "object_repr": "Pizza de salami (12 porciones)", "action_flag": 1, "change_message": "[{\"added\": {}}]"}}, {"model": "admin.logentry", "pk": 24, "fields": {"action_time": "2024-12-26T10:32:11.375Z", "user": 1, "content_type": 9, "object_id": "24", "object_repr": "Pizza de salami (16 porciones)", "action_flag": 1, "change_message": "[{\"added\": {}}]"}}, {"model": "admin.logentry", "pk": 25, "fields": {"action_time": "2024-12-26T10:33:22.009Z", "user": 1, "content_type": 9, "object_id": "25", "object_repr": "Pizza hawaiana (4 porciones)", "action_flag": 1, "change_message": "[{\"added\": {}}]"}}, {"model": "admin.logentry", "pk": 26, "fields": {"action_time": "2024-12-26T10:33:32.597Z", "user": 1, "content_type": 9, "object_id": "26", "object_repr": "Pizza hawaiana (8 porciones)", "action_flag": 1, "change_message": "[{\"added\": {}}]"}}, {"model": "admin.logentry", "pk": 27, "fields": {"action_time": "2024-12-26T10:33:42.375Z", "user": 1, "content_type": 9, "object_id": "27", "object_repr": "Pizza hawaiana (12 porciones)", "action_flag": 1, "change_message": "[{\"added\": {}}]"}}, {"model": "admin.logentry", "pk": 28, "fields": {"action_time": "2024-12-26T10:33:54.673Z", "user": 1, "content_type": 9, "object_id": "28", "object_repr": "Pizza hawaiana (16 porciones)", "action_flag": 1, "change_message": "[{\"added\": {}}]"}}, {"model": "admin.logentry", "pk": 29, "fields": {"action_time": "2024-12-26T10:34:10.229Z", "user": 1, "content_type": 9, "object_id": "29", "object_repr": "Pizza Suprema (4 porciones)", "action_flag": 1, "change_message": "[{\"added\": {}}]"}}, {"model": "admin.logentry", "pk": 30, "fields": {"action_time": "2024-12-26T10:34:17.091Z", "user": 1, "content_type": 9, "object_id": "30", "object_repr": "Pizza Suprema (8 porciones)", "action_flag": 1, "change_message": "[{\"added\": {}}]"}}, {"model": "admin.logentry", "pk": 31, "fields": {"action_time": "2024-12-26T10:34:24.041Z", "user": 1, "content_type": 9, "object_id": "31", "object_repr": "Pizza Suprema (12 porciones)", "action_flag": 1, "change_message": "[{\"added\": {}}]"}}, {"model": "admin.logentry", "pk": 32, "fields": {"action_time": "2024-12-26T10:34:31.609Z", "user": 1, "content_type": 9, "object_id": "32", "object_repr": "Pizza Suprema (16 porciones)", "action_flag": 1, "change_message": "[{\"added\": {}}]"}}, {"model": "admin.logentry", "pk": 33, "fields": {"action_time": "2024-12-26T10:34:49.049Z", "user": 1, "content_type": 9, "object_id": "33", "object_repr": "Pizza Deluxe (4 porciones)", "action_flag": 1, "change_message": "[{\"added\": {}}]"}}, {"model": "admin.logentry", "pk": 34, "fields": {"action_time": "2024-12-26T10:34:56.362Z", "user": 1, "content_type": 9, "object_id": "34", "object_repr": "Pizza Deluxe (8 porciones)", "action_flag": 1, "change_message": "[{\"added\": {}}]"}}, {"model": "admin.logentry", "pk": 35, "fields": {"action_time": "2024-12-26T10:35:05.964Z", "user": 1, "content_type": 9, "object_id": "35", "object_repr": "Pizza Deluxe (12 porciones)", "action_flag": 1, "change_message": "[{\"added\": {}}]"}}, {"model": "admin.logentry", "pk": 36, "fields": {"action_time": "2024-12-26T10:35:14.497Z", "user": 1, "content_type": 9, "object_id": "36", "object_repr": "Pizza Deluxe (16 porciones)", "action_flag": 1, "change_message": "[{\"added\": {}}]"}}, {"model": "admin.logentry", "pk": 37, "fields": {"action_time": "2024-12-26T10:35:30.026Z", "user": 1, "content_type": 9, "object_id": "37", "object_repr": "Pizza de Carnes (4 porciones)", "action_flag": 1, "change_message": "[{\"added\": {}}]"}}, {"model": "admin.logentry", "pk": 38, "fields": {"action_time": "2024-12-26T10:35:35.893Z", "user": 1, "content_type": 9, "object_id": "38", "object_repr": "Pizza de Carnes (8 porciones)", "action_flag": 1, "change_message": "[{\"added\": {}}]"}}, {"model": "admin.logentry", "pk": 39, "fields": {"action_time": "2024-12-26T10:35:45.494Z", "user": 1, "content_type": 9, "object_id": "39", "object_repr": "Pizza de Carnes (12 porciones)", "action_flag": 1, "change_message": "[{\"added\": {}}]"}}, {"model": "admin.logentry", "pk": 40, "fields": {"action_time": "2024-12-26T10:35:52.614Z", "user": 1, "content_type": 9, "object_id": "40", "object_repr": "Pizza de Carnes (16 porciones)", "action_flag": 1, "change_message": "[{\"added\": {}}]"}}, {"model": "admin.logentry", "pk": 41, "fields": {"action_time": "2024-12-26T10:36:04.395Z", "user": 1, "content_type": 9, "object_id": "41", "object_repr": "Pizza de Picosita (4 porciones)", "action_flag": 1, "change_message": "[{\"added\": {}}]"}}, {"model": "admin.logentry", "pk": 42, "fields": {"action_time": "2024-12-26T10:36:10.698Z", "user": 1, "content_type": 9, "object_id": "42", "object_repr": "Pizza de Picosita (8 porciones)", "action_flag": 1, "change_message": "[{\"added\": {}}]"}}, {"model": "admin.logentry", "pk": 43, "fields": {"action_time": "2024-12-26T10:36:17.090Z", "user": 1, "content_type": 9, "object_id": "43", "object_repr": "Pizza de Picosita (12 porciones)", "action_flag": 1, "change_message": "[{\"added\": {}}]"}}, {"model": "admin.logentry", "pk": 44, "fields": {"action_time": "2024-12-26T10:36:24.251Z", "user": 1, "content_type": 9, "object_id": "44", "object_repr": "Pizza de Picosita (16 porciones)", "action_flag": 1, "change_message": "[{\"added\": {}}]"}}, {"model": "admin.logentry", "pk": 45, "fields": {"action_time": "2024-12-26T10:37:00.016Z", "user": 1, "content_type": 9, "object_id": "45", "object_repr": "Don Calzone 1 ingr.", "action_flag": 1, "change_message": "[{\"added\": {}}]"}}, {"model": "admin.logentry", "pk": 46, "fields": {"action_time": "2024-12-26T11:06:06.841Z", "user": 1, "content_type": 9, "object_id": "1", "object_repr": "Pizza de champiñones (4 porciones)", "action_flag": 2, "change_message": "[{\"changed\": {\"fields\": [\"Image\"]}}]"}}, {"model": "admin.logentry", "pk": 47, "fields": {"action_time": "2024-12-26T11:07:00.928Z", "user": 1, "content_type": 9, "object_id": "2", "object_repr": "Pizza de champiñones (8 porciones)", "action_flag": 2, "change_message": "[{\"changed\": {\"fields\": [\"Image\"]}}]"}}, {"model": "admin.logentry", "pk": 48, "fields": {"action_time": "2024-12-26T11:07:20.864Z", "user": 1, "content_type": 9, "object_id": "3", "object_repr": "Pizza de champiñones (12 porciones)", "action_flag": 2, "change_message": "[{\"changed\": {\"fields\": [\"Image\"]}}]"}}, {"model": "admin.logentry", "pk": 49, "fields": {"action_time": "2024-12-26T11:07:31.973Z", "user": 1, "content_type": 9, "object_id": "4", "object_repr": "Pizza de champiñones (16 porciones)", "action_flag": 2, "change_message": "[{\"changed\": {\"fields\": [\"Image\"]}}]"}}, {"model": "admin.logentry", "pk": 50, "fields": {"action_time": "2024-12-26T11:07:48.691Z", "user": 1, "content_type": 9, "object_id": "5", "object_repr": "Pizza de peperoni (4 porciones)", "action_flag": 2, "change_message": "[{\"changed\": {\"fields\": [\"Image\"]}}]"}}, {"model": "admin.logentry", "pk": 51, "fields": {"action_time": "2024-12-26T11:08:00.052Z", "user": 1, "content_type": 9, "object_id": "6", "object_repr": "Pizza de peperoni (8 porciones)", "action_flag": 2, "change_message": "[{\"changed\": {\"fields\": [\"Image\"]}}]"}}, {"model": "admin.logentry", "pk": 52, "fields": {"action_time": "2024-12-26T11:08:14.307Z", "user": 1, "content_type": 9, "object_id": "7", "object_repr": "Pizza de peperoni (12 porciones)", "action_flag": 2, "change_message": "[{\"changed\": {\"fields\": [\"Image\"]}}]"}}, {"model": "admin.logentry", "pk": 53, "fields": {"action_time": "2024-12-26T11:08:27.988Z", "user": 1, "content_type": 9, "object_id": "8", "object_repr": "Pizza de peperoni (16 porciones)", "action_flag": 2, "change_message": "[{\"changed\": {\"fields\": [\"Image\"]}}]"}}, {"model": "admin.logentry", "pk": 54, "fields": {"action_time": "2024-12-26T11:09:02.507Z", "user": 1, "content_type": 9, "object_id": "9", "object_repr": "Pizza de jamón (4 porciones)", "action_flag": 2, "change_message": "[{\"changed\": {\"fields\": [\"Image\"]}}]"}}, {"model": "admin.logentry", "pk": 55, "fields": {"action_time": "2024-12-26T11:09:15.569Z", "user": 1, "content_type": 9, "object_id": "10", "object_repr": "Pizza de jamón (8 porciones)", "action_flag": 2, "change_message": "[{\"changed\": {\"fields\": [\"Image\"]}}]"}}, {"model": "admin.logentry", "pk": 56, "fields": {"action_time": "2024-12-26T11:09:26.166Z", "user": 1, "content_type": 9, "object_id": "11", "object_repr": "Pizza de jamón (12 porciones)", "action_flag": 2, "change_message": "[{\"changed\": {\"fields\": [\"Image\"]}}]"}}, {"model": "admin.logentry", "pk": 57, "fields": {"action_time": "2024-12-26T11:09:46.087Z", "user": 1, "content_type": 9, "object_id": "12", "object_repr": "Pizza de jamón (16 porciones)", "action_flag": 2, "change_message": "[{\"changed\": {\"fields\": [\"Image\"]}}]"}}, {"model": "admin.logentry", "pk": 58, "fields": {"action_time": "2024-12-26T11:14:26.990Z", "user": 1, "content_type": 9, "object_id": "13", "object_repr": "Pizza de carne (4 porciones)", "action_flag": 2, "change_message": "[{\"changed\": {\"fields\": [\"Image\"]}}]"}}, {"model": "admin.logentry", "pk": 59, "fields": {"action_time": "2024-12-26T11:14:46.984Z", "user": 1, "content_type": 9, "object_id": "14", "object_repr": "Pizza de carne (8 porciones)", "action_flag": 2, "change_message": "[{\"changed\": {\"fields\": [\"Image\"]}}]"}}, {"model": "admin.logentry", "pk": 60, "fields": {"action_time": "2024-12-26T11:15:01.630Z", "user": 1, "content_type": 9, "object_id": "15", "object_repr": "Pizza de carne (12 porciones)", "action_flag": 2, "change_message": "[{\"changed\": {\"fields\": [\"Image\"]}}]"}}, {"model": "admin.logentry", "pk": 61, "fields": {"action_time": "2024-12-26T11:15:09.240Z", "user": 1, "content_type": 9, "object_id": "16", "object_repr": "Pizza de carne (16 porciones)", "action_flag": 2, "change_message": "[{\"changed\": {\"fields\": [\"Image\"]}}]"}}, {"model": "admin.logentry", "pk": 62, "fields": {"action_time": "2024-12-26T11:15:33.167Z", "user": 1, "content_type": 9, "object_id": "17", "object_repr": "Pizza de tocino (4 porciones)", "action_flag": 2, "change_message": "[{\"changed\": {\"fields\": [\"Image\"]}}]"}}, {"model": "admin.logentry", "pk": 63, "fields": {"action_time": "2024-12-26T11:15:40.201Z", "user": 1, "content_type": 9, "object_id": "18", "object_repr": "Pizza de tocino (8 porciones)", "action_flag": 2, "change_message": "[{\"changed\": {\"fields\": [\"Image\"]}}]"}}, {"model": "admin.logentry", "pk": 64, "fields": {"action_time": "2024-12-26T11:15:48.953Z", "user": 1, "content_type": 9, "object_id": "19", "object_repr": "Pizza de tocino (12 porciones)", "action_flag": 2, "change_message": "[{\"changed\": {\"fields\": [\"Image\"]}}]"}}, {"model": "admin.logentry", "pk": 65, "fields": {"action_time": "2024-12-26T11:15:56.666Z", "user": 1, "content_type": 9, "object_id": "20", "object_repr": "Pizza de tocino (16 porciones)", "action_flag": 2, "change_message": "[{\"changed\": {\"fields\": [\"Image\"]}}]"}}, {"model": "admin.logentry", "pk": 66, "fields": {"action_time": "2024-12-26T11:16:16.627Z", "user": 1, "content_type": 9, "object_id": "21", "object_repr": "Pizza de salami (4 porciones)", "action_flag": 2, "change_message": "[{\"changed\": {\"fields\": [\"Image\"]}}]"}}, {"model": "admin.logentry", "pk": 67, "fields": {"action_time": "2024-12-26T11:16:24.210Z", "user": 1, "content_type": 9, "object_id": "22", "object_repr": "Pizza de salami (8 porciones)", "action_flag": 2, "change_message": "[{\"changed\": {\"fields\": [\"Image\"]}}]"}}, {"model": "admin.logentry", "pk": 68, "fields": {"action_time": "2024-12-26T11:16:31.168Z", "user": 1, "content_type": 9, "object_id": "23", "object_repr": "Pizza de salami (12 porciones)", "action_flag": 2, "change_message": "[{\"changed\": {\"fields\": [\"Image\"]}}]"}}, {"model": "admin.logentry", "pk": 69, "fields": {"action_time": "2024-12-26T11:16:39.313Z", "user": 1, "content_type": 9, "object_id": "24", "object_repr": "Pizza de salami (16 porciones)", "action_flag": 2, "change_message": "[{\"changed\": {\"fields\": [\"Image\"]}}]"}}, {"model": "admin.logentry", "pk": 70, "fields": {"action_time": "2024-12-26T11:16:55.289Z", "user": 1, "content_type": 9, "object_id": "25", "object_repr": "Pizza hawaiana (4 porciones)", "action_flag": 2, "change_message": "[{\"changed\": {\"fields\": [\"Image\"]}}]"}}, {"model": "admin.logentry", "pk": 71, "fields": {"action_time": "2024-12-26T11:17:00.763Z", "user": 1, "content_type": 9, "object_id": "26", "object_repr": "Pizza hawaiana (8 porciones)", "action_flag": 2, "change_message": "[{\"changed\": {\"fields\": [\"Image\"]}}]"}}, {"model": "admin.logentry", "pk": 72, "fields": {"action_time": "2024-12-26T11:17:07.002Z", "user": 1, "content_type": 9, "object_id": "27", "object_repr": "Pizza hawaiana (12 porciones)", "action_flag": 2, "change_message": "[{\"changed\": {\"fields\": [\"Image\"]}}]"}}, {"model": "admin.logentry", "pk": 73, "fields": {"action_time": "2024-12-26T11:17:13.160Z", "user": 1, "content_type": 9, "object_id": "28", "object_repr": "Pizza hawaiana (16 porciones)", "action_flag": 2, "change_message": "[{\"changed\": {\"fields\": [\"Image\"]}}]"}}, {"model": "admin.logentry", "pk": 74, "fields": {"action_time": "2024-12-26T11:17:30.952Z", "user": 1, "content_type": 9, "object_id": "29", "object_repr": "Pizza Suprema (4 porciones)", "action_flag": 2, "change_message": "[{\"changed\": {\"fields\": [\"Image\"]}}]"}}, {"model": "admin.logentry", "pk": 75, "fields": {"action_time": "2024-12-26T11:17:36.386Z", "user": 1, "content_type": 9, "object_id": "30", "object_repr": "Pizza Suprema (8 porciones)", "action_flag": 2, "change_message": "[{\"changed\": {\"fields\": [\"Image\"]}}]"}}, {"model": "admin.logentry", "pk": 76, "fields": {"action_time": "2024-12-26T11:17:42.842Z", "user": 1, "content_type": 9, "object_id": "31", "object_repr": "Pizza Suprema (12 porciones)", "action_flag": 2, "change_message": "[{\"changed\": {\"fields\": [\"Image\"]}}]"}}, {"model": "admin.logentry", "pk": 77, "fields": {"action_time": "2024-12-26T11:17:48.745Z", "user": 1, "content_type": 9, "object_id": "32", "object_repr": "Pizza Suprema (16 porciones)", "action_flag": 2, "change_message": "[{\"changed\": {\"fields\": [\"Image\"]}}]"}}, {"model": "admin.logentry", "pk": 78, "fields": {"action_time": "2024-12-26T11:19:13.392Z", "user": 1, "content_type": 9, "object_id": "33", "object_repr": "Pizza Deluxe (4 porciones)", "action_flag": 2, "change_message": "[{\"changed\": {\"fields\": [\"Image\"]}}]"}}, {"model": "admin.logentry", "pk": 79, "fields": {"action_time": "2024-12-26T11:19:19.262Z", "user": 1, "content_type": 9, "object_id": "34", "object_repr": "Pizza Deluxe (8 porciones)", "action_flag": 2, "change_message": "[{\"changed\": {\"fields\": [\"Image\"]}}]"}}, {"model": "admin.logentry", "pk": 80, "fields": {"action_time": "2024-12-26T11:19:24.364Z", "user": 1, "content_type": 9, "object_id": "35", "object_repr": "Pizza Deluxe (12 porciones)", "action_flag": 2, "change_message": "[{\"changed\": {\"fields\": [\"Image\"]}}]"}}, {"model": "admin.logentry", "pk": 81, "fields": {"action_time": "2024-12-26T11:19:29.963Z", "user": 1, "content_type": 9, "object_id": "36", "object_repr": "Pizza Deluxe (16 porciones)", "action_flag": 2, "change_message": "[{\"changed\": {\"fields\": [\"Image\"]}}]"}}, {"model": "admin.logentry", "pk": 82, "fields": {"action_time": "2024-12-26T11:19:39.380Z", "user": 1, "content_type": 9, "object_id": "37", "object_repr": "Pizza de Carnes (4 porciones)", "action_flag": 2, "change_message": "[{\"changed\": {\"fields\": [\"Image\"]}}]"}}, {"model": "admin.logentry", "pk": 83, "fields": {"action_time": "2024-12-26T11:19:45.403Z", "user": 1, "content_type": 9, "object_id": "38", "object_repr": "Pizza de Carnes (8 porciones)", "action_flag": 2, "change_message": "[{\"changed\": {\"fields\": [\"Image\"]}}]"}}, {"model": "admin.logentry", "pk": 84, "fields": {"action_time": "2024-12-26T11:19:50.575Z", "user": 1, "content_type": 9, "object_id": "39", "object_repr": "Pizza de Carnes (12 porciones)", "action_flag": 2, "change_message": "[{\"changed\": {\"fields\": [\"Image\"]}}]"}}, {"model": "admin.logentry", "pk": 85, "fields": {"action_time": "2024-12-26T11:19:59.188Z", "user": 1, "content_type": 9, "object_id": "40", "object_repr": "Pizza de Carnes (16 porciones)", "action_flag": 2, "change_message": "[{\"changed\": {\"fields\": [\"Image\"]}}]"}}, {"model": "admin.logentry", "pk": 86, "fields": {"action_time": "2024-12-26T11:20:19.374Z", "user": 1, "content_type": 9, "object_id": "41", "object_repr": "Pizza de Picosita (4 porciones)", "action_flag": 2, "change_message": "[{\"changed\": {\"fields\": [\"Image\"]}}]"}}, {"model": "admin.logentry", "pk": 87, "fields": {"action_time": "2024-12-26T11:20:23.995Z", "user": 1, "content_type": 9, "object_id": "42", "object_repr": "Pizza de Picosita (8 porciones)", "action_flag": 2, "change_message": "[{\"changed\": {\"fields\": [\"Image\"]}}]"}}, {"model": "admin.logentry", "pk": 88, "fields": {"action_time": "2024-12-26T11:20:29.308Z", "user": 1, "content_type": 9, "object_id": "43", "object_repr": "Pizza de Picosita (12 porciones)", "action_flag": 2, "change_message": "[{\"changed\": {\"fields\": [\"Image\"]}}]"}}, {"model": "admin.logentry", "pk": 89, "fields": {"action_time": "2024-12-26T11:20:34.735Z", "user": 1, "content_type": 9, "object_id": "44", "object_repr": "Pizza de Picosita (16 porciones)", "action_flag": 2, "change_message": "[{\"changed\": {\"fields\": [\"Image\"]}}]"}}, {"model": "admin.logentry", "pk": 90, "fields": {"action_time": "2024-12-26T11:20:43.261Z", "user": 1, "content_type": 9, "object_id": "45", "object_repr": "Don Calzone 1 ingr.", "action_flag": 2, "change_message": "[{\"changed\": {\"fields\": [\"Image\"]}}]"}}, {"model": "admin.logentry", "pk": 91, "fields": {"action_time": "2024-12-26T12:53:06.634Z", "user": 1, "content_type": 11, "object_id": "1", "object_repr": "cindy", "action_flag": 1, "change_message": "[{\"added\": {}}]"}}, {"model": "admin.logentry", "pk": 92, "fields": {"action_time": "2024-12-26T12:53:54.017Z", "user": 1, "content_type": 10, "object_id": "1", "object_repr": "1", "action_flag": 1, "change_message": "[{\"added\": {}}]"}}, {"model": "admin.logentry", "pk": 93, "fields": {"action_time": "2024-12-26T12:54:23.324Z", "user": 1, "content_type": 8, "object_id": "1", "object_repr": "OrderItem object (1)", "action_flag": 1, "change_message": "[{\"added\": {}}]"}}, {"model": "admin.logentry", "pk": 94, "fields": {"action_time": "2024-12-26T12:54:34.215Z", "user": 1, "content_type": 8, "object_id": "2", "object_repr": "OrderItem object (2)", "action_flag": 1, "change_message": "[{\"added\": {}}]"}}, {"model": "admin.logentry", "pk": 95, "fields": {"action_time": "2024-12-26T12:54:44.034Z", "user": 1, "content_type": 8, "object_id": "3", "object_repr": "OrderItem object (3)", "action_flag": 1, "change_message": "[{\"added\": {}}]"}}, {"model": "admin.logentry", "pk": 96, "fields": {"action_time": "2024-12-26T15:30:54.145Z", "user": 1, "content_type": 9, "object_id": "46", "object_repr": "Giftcard", "action_flag": 1, "change_message": "[{\"added\": {}}]"}}, {"model": "admin.logentry", "pk": 97, "fields": {"action_time": "2024-12-28T06:22:16.583Z", "user": 1, "content_type": 10, "object_id": "1", "object_repr": "1", "action_flag": 3, "change_message": ""}}, {"model": "admin.logentry", "pk": 98, "fields": {"action_time": "2024-12-28T06:22:21.260Z", "user": 1, "content_type": 10, "object_id": "10", "object_repr": "10", "action_flag": 3, "change_message": ""}}, {"model": "admin.logentry", "pk": 99, "fields": {"action_time": "2024-12-28T06:22:24.691Z", "user": 1, "content_type": 10, "object_id": "9", "object_repr": "9", "action_flag": 3, "change_message": ""}}, {"model": "admin.logentry", "pk": 100, "fields": {"action_time": "2024-12-28T06:22:27.909Z", "user": 1, "content_type": 10, "object_id": "8", "object_repr": "8", "action_flag": 3, "change_message": ""}}, {"model": "admin.logentry", "pk": 101, "fields": {"action_time": "2024-12-28T06:22:43.071Z", "user": 1, "content_type": 10, "object_id": "7", "object_repr": "7", "action_flag": 3, "change_message": ""}}, {"model": "admin.logentry", "pk": 102, "fields": {"action_time": "2024-12-28T06:22:43.071Z", "user": 1, "content_type": 10, "object_id": "6", "object_repr": "6", "action_flag": 3, "change_message": ""}}, {"model": "admin.logentry", "pk": 103, "fields": {"action_time": "2024-12-28T06:22:43.071Z", "user": 1, "content_type": 10, "object_id": "5", "object_repr": "5", "action_flag": 3, "change_message": ""}}, {"model": "admin.logentry", "pk": 104, "fields": {"action_time": "2024-12-28T06:22:43.071Z", "user": 1, "content_type": 10, "object_id": "4", "object_repr": "4", "action_flag": 3, "change_message": ""}}, {"model": "admin.logentry", "pk": 105, "fields": {"action_time": "2024-12-28T06:22:43.071Z", "user": 1, "content_type": 10, "object_id": "3", "object_repr": "3", "action_flag": 3, "change_message": ""}}, {"model": "admin.logentry", "pk": 106, "fields": {"action_time": "2024-12-28T06:22:43.071Z", "user": 1, "content_type": 10, "object_id": "2", "object_repr": "2", "action_flag": 3, "change_message": ""}}, {"model": "auth.permission", "pk": 1, "fields": {"name": "Can add log entry", "content_type": 1, "codename": "add_logentry"}}, {"model": "auth.permission", "pk": 2, "fields": {"name": "Can change log entry", "content_type": 1, "codename": "change_logentry"}}, {"model": "auth.permission", "pk": 3, "fields": {"name": "Can delete log entry", "content_type": 1, "codename": "delete_logentry"}}, {"model": "auth.permission", "pk": 4, "fields": {"name": "Can view log entry", "content_type": 1, "codename": "view_logentry"}}, {"model": "auth.permission", "pk": 5, "fields": {"name": "Can add permission", "content_type": 2, "codename": "add_permission"}}, {"model": "auth.permission", "pk": 6, "fields": {"name": "Can change permission", "content_type": 2, "codename": "change_permission"}}, {"model": "auth.permission", "pk": 7, "fields": {"name": "Can delete permission", "content_type": 2, "codename": "delete_permission"}}, {"model": "auth.permission", "pk": 8, "fields": {"name": "Can view permission", "content_type": 2, "codename": "view_permission"}}, {"model": "auth.permission", "pk": 9, "fields": {"name": "Can add group", "content_type": 3, "codename": "add_group"}}, {"model": "auth.permission", "pk": 10, "fields": {"name": "Can change group", "content_type": 3, "codename": "change_group"}}, {"model": "auth.permission", "pk": 11, "fields": {"name": "Can delete group", "content_type": 3, "codename": "delete_group"}}, {"model": "auth.permission", "pk": 12, "fields": {"name": "Can view group", "content_type": 3, "codename": "view_group"}}, {"model": "auth.permission", "pk": 13, "fields": {"name": "Can add user", "content_type": 4, "codename": "add_user"}}, {"model": "auth.permission", "pk": 14, "fields": {"name": "Can change user", "content_type": 4, "codename": "change_user"}}, {"model": "auth.permission", "pk": 15, "fields": {"name": "Can delete user", "content_type": 4, "codename": "delete_user"}}, {"model": "auth.permission", "pk": 16, "fields": {"name": "Can view user", "content_type": 4, "codename": "view_user"}}, {"model": "auth.permission", "pk": 17, "fields": {"name": "Can add content type", "content_type": 5, "codename": "add_contenttype"}}, {"model": "auth.permission", "pk": 18, "fields": {"name": "Can change content type", "content_type": 5, "codename": "change_contenttype"}}, {"model": "auth.permission", "pk": 19, "fields": {"name": "Can delete content type", "content_type": 5, "codename": "delete_contenttype"}}, {"model": "auth.permission", "pk": 20, "fields": {"name": "Can view content type", "content_type": 5, "codename": "view_contenttype"}}, {"model": "auth.permission", "pk": 21, "fields": {"name": "Can add session", "content_type": 6, "codename": "add_session"}}, {"model": "auth.permission", "pk": 22, "fields": {"name": "Can change session", "content_type": 6, "codename": "change_session"}}, {"model": "auth.permission", "pk": 23, "fields": {"name": "Can delete session", "content_type": 6, "codename": "delete_session"}}, {"model": "auth.permission", "pk": 24, "fields": {"name": "Can view session", "content_type": 6, "codename": "view_session"}}, {"model": "auth.permission", "pk": 25, "fields": {"name": "Can add shipping address", "content_type": 7, "codename": "add_shippingaddress"}}, {"model": "auth.permission", "pk": 26, "fields": {"name": "Can change shipping address", "content_type": 7, "codename": "change_shippingaddress"}}, {"model": "auth.permission", "pk": 27, "fields": {"name": "Can delete shipping address", "content_type": 7, "codename": "delete_shippingaddress"}}, {"model": "auth.permission", "pk": 28, "fields": {"name": "Can view shipping address", "content_type": 7, "codename": "view_shippingaddress"}}, {"model": "auth.permission", "pk": 29, "fields": {"name": "Can add order item", "content_type": 8, "codename": "add_orderitem"}}, {"model": "auth.permission", "pk": 30, "fields": {"name": "Can change order item", "content_type": 8, "codename": "change_orderitem"}}, {"model": "auth.permission", "pk": 31, "fields": {"name": "Can delete order item", "content_type": 8, "codename": "delete_orderitem"}}, {"model": "auth.permission", "pk": 32, "fields": {"name": "Can view order item", "content_type": 8, "codename": "view_orderitem"}}, {"model": "auth.permission", "pk": 33, "fields": {"name": "Can add product", "content_type": 9, "codename": "add_product"}}, {"model": "auth.permission", "pk": 34, "fields": {"name": "Can change product", "content_type": 9, "codename": "change_product"}}, {"model": "auth.permission", "pk": 35, "fields": {"name": "Can delete product", "content_type": 9, "codename": "delete_product"}}, {"model": "auth.permission", "pk": 36, "fields": {"name": "Can view product", "content_type": 9, "codename": "view_product"}}, {"model": "auth.permission", "pk": 37, "fields": {"name": "Can add order", "content_type": 10, "codename": "add_order"}}, {"model": "auth.permission", "pk": 38, "fields": {"name": "Can change order", "content_type": 10, "codename": "change_order"}}, {"model": "auth.permission", "pk": 39, "fields": {"name": "Can delete order", "content_type": 10, "codename": "delete_order"}}, {"model": "auth.permission", "pk": 40, "fields": {"name": "Can view order", "content_type": 10, "codename": "view_order"}}, {"model": "auth.permission", "pk": 41, "fields": {"name": "Can add customer", "content_type": 11, "codename": "add_customer"}}, {"model": "auth.permission", "pk": 42, "fields": {"name": "Can change customer", "content_type": 11, "codename": "change_customer"}}, {"model": "auth.permission", "pk": 43, "fields": {"name": "Can delete customer", "content_type": 11, "codename": "delete_customer"}}, {"model": "auth.permission", "pk": 44, "fields": {"name": "Can view customer", "content_type": 11, "codename": "view_customer"}}, {"model": "auth.user", "pk": 1, "fields": {"password": "pbkdf2_sha256$870000$FGynG3Ht8xIIv25edaJSDJ$rN44rcsgRW7Hvgr45tlK13Ns1tJ4G1J5lUyFeDGuBog=", "last_login": "2024-12-29T06:07:10.411Z", "is_superuser": true, "username": "cindy", "first_name": "", "last_name": "", "email": "cgaticaiga@gmail.com", "is_staff": true, "is_active": true, "date_joined": "2024-12-26T10:19:54.311Z", "groups": [], "user_permissions": []}}, {"model": "sessions.session", "pk": "q0bv5h3a6r5e6q3oe11utav62ukqmbhm", "fields": {"session_data": ".eJxVjMEOwiAQRP-FsyGw0KV49O43kF1AqRpISnsy_rtt0oMeZ96beYtA61LC2vMcpiTOQovTb8cUn7nuID2o3puMrS7zxHJX5EG7vLaUX5fD_Tso1Mu2Ntl50DzeACAjGmUiD0isnRn86KNNYB2TShZRq-xgi4kRMCIrRU58vr0CNtQ:1tRmSE:zM6Li7XAqQWZx4uddY3OyICekKNdAkDENhYxOE8qgeQ", "expire_date": "2025-01-12T06:07:10.419Z"}}, {"model": "app.customer", "pk": 1, "fields": {"user": 1, "name": "cindy", "email": "201709692.cindy.gatica.arriola@gmail.com"}}, {"model": "app.product", "pk": 1, "fields": {"name": "Pizza de champiñones (4 porciones)", "price": 15.0, "digital": false, "image": "champi_oYAb1rR.png"}}, {"model": "app.product", "pk": 2, "fields": {"name": "Pizza de champiñones (8 porciones)", "price": 40.0, "digital": false, "image": "champi_RFAXJvj.png"}}, {"model": "app.product", "pk": 3, "fields": {"name": "Pizza de champiñones (12 porciones)", "price": 50.0, "digital": false, "image": "champi_0vdCGzz.png"}}, {"model": "app.product", "pk": 4, "fields": {"name": "Pizza de champiñones (16 porciones)", "price": 70.0, "digital": false, "image": "champi_LxWGFUw.png"}}, {"model": "app.product", "pk": 5, "fields": {"name": "Pizza de peperoni (4 porciones)", "price": 15.0, "digital": false, "image": "pepe_2mZ6V9Q.png"}}, {"model": "app.product", "pk": 6, "fields": {"name": "Pizza de peperoni (8 porciones)", "price": 40.0, "digital": false, "image": "pepe_2S7dUoe.png"}}, {"model": "app.product", "pk": 7, "fields": {"name": "Pizza de peperoni (12 porciones)", "price": 50.0, "digital": false, "image": "pepe_BPZnX9Z.png"}}, {"model": "app.product", "pk": 8, "fields": {"name": "Pizza de peperoni (16 porciones)", "price": 70.0, "digital": false, "image": "pepe_GtFL223.png"}}, {"model": "app.product", "pk": 9, "fields": {"name": "Pizza de jamón (4 porciones)", "price": 15.0, "digital": false, "image": "jamon_k1hhrPg.png"}}, {"model": "app.product", "pk": 10, "fields": {"name": "Pizza de jamón (8 porciones)", "price": 40.0, "digital": false, "image": "jamon_6tWz5H5.png"}}, {"model": "app.product", "pk": 11, "fields": {"name": "Pizza de jamón (12 porciones)", "price": 50.0, "digital": false, "image": "jamon_aLRQTb5.png"}}, {"model": "app.product", "pk": 12, "fields": {"name": "Pizza de jamón (16 porciones)", "price": 70.0, "digital": false, "image": "jamon_1tF8LNY.png"}}, {"model": "app.product", "pk": 13, "fields": {"name": "Pizza de carne (4 porciones)", "price": 15.0, "digital": false, "image": "carne_simple.png"}}, {"model": "app.product", "pk": 14, "fields": {"name": "Pizza de carne (8 porciones)", "price": 40.0, "digital": false, "image": "carne_simple_wVZgfmJ.png"}}, {"model": "app.product", "pk": 15, "fields": {"name": "Pizza de carne (12 porciones)", "price": 50.0, "digital": false, "image": "carne_simple_ogCs930.png"}}, {"model": "app.product", "pk": 16, "fields": {"name": "Pizza de carne (16 porciones)", "price": 70.0, "digital": false, "image": "carne_simple_d60zK4l.png"}}, {"model": "app.product", "pk": 17, "fields": {"name": "Pizza de tocino (4 porciones)", "price": 15.0, "digital": false, "image": "tocino.png"}}, {"model": "app.product", "pk": 18, "fields": {"name": "Pizza de tocino (8 porciones)", "price": 40.0, "digital": false, "image": "tocino_lCDYZiY.png"}}, {"model": "app.product", "pk": 19, "fields": {"name": "Pizza de tocino (12 porciones)", "price": 50.0, "digital": false, "image": "tocino_GEqrX8I.png"}}, {"model": "app.product", "pk": 20, "fields": {"name": "Pizza de tocino (16 porciones)", "price": 70.0, "digital": false, "image": "tocino_fU3Omhe.png"}}, {"model": "app.product", "pk": 21, "fields": {"name": "Pizza de salami (4 porciones)", "price": 15.0, "digital": false, "image": "salami.png"}}, {"model": "app.product", "pk": 22, "fields": {"name": "Pizza de salami (8 porciones)", "price": 50.0, "digital": false, "image": "salami_VnDeVK3.png"}}, {"model": "app.product", "pk": 23, "fields": {"name": "Pizza de salami (12 porciones)", "price": 50.0, "digital": false, "image": "salami_b9iCPBc.png"}}, {"model": "app.product", "pk": 24, "fields": {"name": "Pizza de salami (16 porciones)", "price": 70.0, "digital": false, "image": "salami_ajBxwoA.png"}}, {"model": "app.product", "pk": 25, "fields": {"name": "Pizza hawaiana (4 porciones)", "price": 20.0, "digital": false, "image": "hawaiana.png"}}, {"model": "app.product", "pk": 26, "fields": {"name": "Pizza hawaiana (8 porciones)", "price": 50.0, "digital": false, "image": "hawaiana_6sVnvE2.png"}}, {"model": "app.product", "pk": 27, "fields": {"name": "Pizza hawaiana (12 porciones)", "price": 65.0, "digital": false, "image": "hawaiana_d0S7GPl.png"}}, {"model": "app.product", "pk": 28, "fields": {"name": "Pizza hawaiana (16 porciones)", "price": 95.0, "digital": false, "image": "hawaiana_stNkA7u.png"}}, {"model": "app.product", "pk": 29, "fields": {"name": "Pizza Suprema (4 porciones)", "price": 20.0, "digital": false, "image": "suprema.png"}}, {"model": "app.product", "pk": 30, "fields": {"name": "Pizza Suprema (8 porciones)", "price": 50.0, "digital": false, "image": "suprema_BZPX5UB.png"}}, {"model": "app.product", "pk": 31, "fields": {"name": "Pizza Suprema (12 porciones)", "price": 65.0, "digital": false, "image": "suprema_kxsFAZm.png"}}, {"model": "app.product", "pk": 32, "fields": {"name": "Pizza Suprema (16 porciones)", "price": 95.0, "digital": false, "image": "suprema_efD4QDX.png"}}, {"model": "app.product", "pk": 33, "fields": {"name": "Pizza Deluxe (4 porciones)", "price": 20.0, "digital": false, "image": "deluxe.png"}}, {"model": "app.product", "pk": 34, "fields": {"name": "Pizza Deluxe (8 porciones)", "price": 50.0, "digital": false, "image": "deluxe_awe7mCU.png"}}, {"model": "app.product", "pk": 35, "fields": {"name": "Pizza Deluxe (12 porciones)", "price": 65.0, "digital": false, "image": "deluxe_a0ihDi2.png"}}, {"model": "app.product", "pk": 36, "fields": {"name": "Pizza Deluxe (16 porciones)", "price": 95.0, "digital": false, "image": "deluxe_jEgSwvJ.png"}}, {"model": "app.product", "pk": 37, "fields": {"name": "Pizza de Carnes (4 porciones)", "price": 20.0, "digital": false, "image": "carnes.png"}}, {"model": "app.product", "pk": 38, "fields": {"name": "Pizza de Carnes (8 porciones)", "price": 50.0, "digital": false, "image": "carnes_Az1HFTx.png"}}, {"model": "app.product", "pk": 39, "fields": {"name": "Pizza de Carnes (12 porciones)", "price": 65.0, "digital": false, "image": "carnes_p0LVuW3.png"}}, {"model": "app.product", "pk": 40, "fields": {"name": "Pizza de Carnes (16 porciones)", "price": 95.0, "digital": false, "image": "carnes_4RMfT1i.png"}}, {"model": "app.product", "pk": 41, "fields": {"name": "Pizza de Picosita (4 porciones)", "price": 20.0, "digital": false, "image": "picosita.png"}}, {"model": "app.product", "pk": 42, "fields": {"name": "Pizza de Picosita (8 porciones)", "price": 50.0, "digital": false, "image": "picosita_jEapqTw.png"}}, {"model": "app.product", "pk": 43, "fields": {"name": "Pizza de Picosita (12 porciones)", "price": 65.0, "digital": false, "image": "picosita_wD7hOqp.png"}}, {"model": "app.product", "pk": 44, "fields": {"name": "Pizza de Picosita (16 porciones)", "price": 95.0, "digital": false, "image": "picosita_TYh20W8.png"}}, {"model": "app.product", "pk": 45, "fields": {"name": "Don Calzone 1 ingr.", "price": 10.0, "digital": false, "image": "calzone.png"}}, {"model": "app.product", "pk": 46, "fields": {"name": "Giftcard", "price": 80.0, "digital": true, "image": ""}}, {"model": "app.order", "pk": 11, "fields": {"customer": 1, "date_ordered": "2024-12-28T06:22:50.228Z", "complete": true, "transaction_id": "1735366998.200121"}}, {"model": "app.order", "pk": 12, "fields": {"customer": 1, "date_ordered": "2024-12-28T06:23:19.757Z", "complete": false, "transaction_id": null}}, {"model": "app.orderitem", "pk": 15, "fields": {"product": 46, "order": null, "quantity": 1, "date_added": "2024-12-28T04:08:34.048Z"}}, {"model": "app.orderitem", "pk": 18, "fields": {"product": 2, "order": null, "quantity": 1, "date_added": "2024-12-28T04:15:07.705Z"}}, {"model": "app.orderitem", "pk": 19, "fields": {"product": 2, "order": null, "quantity": 1, "date_added": "2024-12-28T05:52:12.342Z"}}, {"model": "app.orderitem", "pk": 20, "fields": {"product": 3, "order": null, "quantity": 1, "date_added": "2024-12-28T05:52:13.664Z"}}, {"model": "app.orderitem", "pk": 21, "fields": {"product": 5, "order": null, "quantity": 1, "date_added": "2024-12-28T05:52:16.599Z"}}, {"model": "app.orderitem", "pk": 22, "fields": {"product": 1, "order": null, "quantity": 1, "date_added": "2024-12-28T05:53:05.457Z"}}, {"model": "app.orderitem", "pk": 23, "fields": {"product": 2, "order": null, "quantity": 2, "date_added": "2024-12-28T05:53:06.592Z"}}, {"model": "app.orderitem", "pk": 24, "fields": {"product": 11, "order": null, "quantity": 1, "date_added": "2024-12-28T05:55:04.293Z"}}, {"model": "app.orderitem", "pk": 25, "fields": {"product": 17, "order": null, "quantity": 1, "date_added": "2024-12-28T05:55:05.784Z"}}, {"model": "app.orderitem", "pk": 26, "fields": {"product": 29, "order": null, "quantity": 1, "date_added": "2024-12-28T05:55:08.828Z"}}, {"model": "app.orderitem", "pk": 27, "fields": {"product": 35, "order": null, "quantity": 1, "date_added": "2024-12-28T05:55:10.247Z"}}, {"model": "app.orderitem", "pk": 28, "fields": {"product": 41, "order": null, "quantity": 1, "date_added": "2024-12-28T05:55:11.527Z"}}, {"model": "app.orderitem", "pk": 29, "fields": {"product": 44, "order": null, "quantity": 1, "date_added": "2024-12-28T05:55:12.977Z"}}, {"model": "app.orderitem", "pk": 30, "fields": {"product": 45, "order": null, "quantity": 1, "date_added": "2024-12-28T05:55:13.831Z"}}, {"model": "app.orderitem", "pk": 31, "fields": {"product": 2, "order": null, "quantity": 3, "date_added": "2024-12-28T06:02:11.099Z"}}, {"model": "app.orderitem", "pk": 32, "fields": {"product": 3, "order": null, "quantity": 1, "date_added": "2024-12-28T06:02:13.459Z"}}, {"model": "app.orderitem", "pk": 33, "fields": {"product": 1, "order": null, "quantity": 1, "date_added": "2024-12-28T06:10:57.503Z"}}, {"model": "app.orderitem", "pk": 34, "fields": {"product": 3, "order": null, "quantity": 1, "date_added": "2024-12-28T06:10:58.815Z"}}, {"model": "app.orderitem", "pk": 35, "fields": {"product": 2, "order": null, "quantity": 1, "date_added": "2024-12-28T06:11:00.080Z"}}, {"model": "app.orderitem", "pk": 36, "fields": {"product": 1, "order": null, "quantity": 3, "date_added": "2024-12-28T06:12:29.556Z"}}, {"model": "app.orderitem", "pk": 37, "fields": {"product": 2, "order": null, "quantity": 2, "date_added": "2024-12-28T06:13:37.178Z"}}, {"model": "app.orderitem", "pk": 38, "fields": {"product": 1, "order": null, "quantity": 2, "date_added": "2024-12-28T06:20:17.100Z"}}, {"model": "app.orderitem", "pk": 39, "fields": {"product": 1, "order": 11, "quantity": 1, "date_added": "2024-12-28T06:22:50.236Z"}}, {"model": "app.orderitem", "pk": 40, "fields": {"product": 7, "order": 11, "quantity": 1, "date_added": "2024-12-28T06:22:52.164Z"}}, {"model": "app.orderitem", "pk": 41, "fields": {"product": 13, "order": 11, "quantity": 1, "date_added": "2024-12-28T06:22:54.202Z"}}, {"model": "app.orderitem", "pk": 42, "fields": {"product": 19, "order": 11, "quantity": 1, "date_added": "2024-12-28T06:22:55.643Z"}}, {"model": "app.orderitem", "pk": 43, "fields": {"product": 28, "order": 11, "quantity": 1, "date_added": "2024-12-28T06:22:57.946Z"}}, {"model": "app.orderitem", "pk": 44, "fields": {"product": 3, "order": 12, "quantity": 4, "date_added": "2024-12-28T06:28:28.115Z"}}, {"model": "app.shippingaddress", "pk": 1, "fields": {"customer": 1, "order": null, "direccion": "zona 7", "ciudad": "Guatemala", "departamento": "Guatemala", "pais": "Guatemala", "zip": "01007", "date_added": "2024-12-28T06:20:37.547Z"}}, {"model": "app.shippingaddress", "pk": 2, "fields": {"customer": 1, "order": 11, "direccion": "zona 9", "ciudad": "Guatemala", "departamento": "Guatemala", "pais": "Guatemala", "zip": "01009", "date_added": "2024-12-28T06:23:18.219Z"}}]
